Sanford;Brianna;1 Leeton Ridge Rd.;Chicago;IL;60657;44;11
Hendricks;Shad;1 S. Maple Ave.;Chicago;IL;60657;44;11
Johnson;Kyle;1 South Longbranch Drive;Chicago;IL;60657;44;11
Barrera;Jed;1 South Summerhouse Court;Chicago;IL;60657;44;11
Sweeney;Man;1 Tailwater St.;Chicago;IL;60657;44;11
Pacheco;Lorena;10 College Drive;Chicago;IL;60657;44;11
Buckley;Granville;10 Rock Creek Lane;Chicago;IL;60657;44;11
Mata;1Isabel;10 Sherman Lane;Chicago;IL;60657;44;11
Long;1Shane;101 Elizabeth Ave.;Chicago;IL;60657;44;11
Horton;Donovan;101 Golden Star Road;Chicago;IL;60657;44;11
Wheeler;Agnes;11 Maple Lane;Chicago;IL;60657;44;11
Arias;Savannah;11 Summerhouse St.;Chicago;IL;60657;44;11
Cohen;Christine;11 Union Drive;Chicago;IL;60657;44;11
Morris;Efren;11 W. Mechanic Drive;Chicago;IL;60657;44;11
Farrell;Tonia;110 Queen St.;Chicago;IL;60657;44;11
Pineda;Neil;112 Helen Street;Chicago;IL;60657;44;11
Gallagher;Stefan;113 Harvard St.;Chicago;IL;60657;44;11
Banks;Dustin;115 E. Border Drive;Chicago;IL;60657;44;11
Bass;Kelly;12 East Dr.;Chicago;IL;60657;44;11
Conrad;Waylon;12 Fifth St.;Chicago;IL;60657;44;11
Mora;Ben;12 New Street;Chicago;IL;60657;44;11
Collins;Cornelia;12 San Juan St.;Chicago;IL;60657;44;11
Wolfe;Zack;122 NE. Victoria Ave.;Chicago;IL;60657;44;11
Kramer;Rosie;125 Plumb Branch St.;Chicago;IL;60657;44;11
Sims;Saundra;127 Mechanic Lane;Chicago;IL;60657;44;11
Williamson;Tristan;13 8th Dr.;Chicago;IL;60657;44;11
Gill;Dolores;13 Olive Street;Chicago;IL;60657;44;11
Maddox;Samual;13 Third Drive;Chicago;IL;60657;44;11
Cooke;Candy;131 Adams Dr.;Chicago;IL;60657;44;11
Davies;Teresa;14 Greenrose St.;Chicago;IL;60657;44;11
Brandt;Hunter;14 Locust Drive;Chicago;IL;60657;44;11
Knox;Todd;14 Paris Hill Ave.;Chicago;IL;60657;44;11
Mcguire;Robin;146 Pine Drive;Chicago;IL;60657;44;11
Hobbs;Raymundo;149 Arrowhead Drive;Chicago;IL;60657;44;11
Duarte;Yvonne;152 Proctor Ave.;Chicago;IL;60657;44;11
Curry;Mollie;154 Beech Drive;Chicago;IL;60657;44;11
Strickland;Andrea;156 Smoky Hollow Road;Chicago;IL;60657;44;11
Oconnell;Hassan;16 Marvon St.;Chicago;IL;60657;44;11
Dillon;Rosalinda;16 Myrtle Street;Chicago;IL;60657;44;11
Case;Raleigh;168 Purple Finch Ave.;Chicago;IL;60657;44;11
Gilbert;Geneva;169 Third St.;Chicago;IL;60657;44;11
Norton;Gus;17 North Brewery Rd.;Chicago;IL;60657;44;11
Mcintyre;Vaughn;17 Sleepy Hollow Dr.;Chicago;IL;60657;44;11
Roth;Ursula;170 Roosevelt Street;Chicago;IL;60657;44;11
Glover;Edwardo;177 Temple Ave.;Chicago;IL;60657;44;11
Davis;Patrice;178 Saxton Street;Chicago;IL;60657;44;11
Hardin;Latonya;179 Sheffield Lane;Chicago;IL;60657;44;11
Contreras;Tiffany;18 W. Proctor Dr.;Chicago;IL;60657;44;11
Alvarez;Freddie;182 Roosevelt Drive;Chicago;IL;60657;44;11
Spencer;Christa;184 Broad Street;Chicago;IL;60657;44;11
Bennett;Darron;188 Highland Dr.;Chicago;IL;60657;44;11
Hodges;Wm;189 Wagon Ave.;Chicago;IL;60657;44;11
Robles;Emory;19 Cherry Hill St.;Chicago;IL;60657;44;11
Bryan;Omar;19 Evergreen Drive;Chicago;IL;60657;44;11
Salas;Jeramy;19 Miller St.;Chicago;IL;60657;44;11
Bush;Domingo;191 Green Lake Ave.;Chicago;IL;60657;44;11
Acevedo;Luella;191 Tailwater Lane;Chicago;IL;60657;44;11
Duke;Kenneth;191 W. Miller St.;Chicago;IL;60657;44;11
Mejia;Augustine;193 Hall St.;Chicago;IL;60657;44;11
Medina;Juanita;193 Myrtle Street;Chicago;IL;60657;44;11
Dixon;Coleman;2 Arch Street;Chicago;IL;60657;44;11
Warner;Reva;2 Glen Eagles Dr.;Chicago;IL;60657;44;11
Olsen;Donnie;2 Lafayette St.;Chicago;IL;60657;44;11
Arellano;Mckinley;2 Linden St.;Chicago;IL;60657;44;11
Hurley;Julian;2 Manor Station Ave.;Chicago;IL;60657;44;11
Woodward;Iva;2 North Chapel Ave.;Chicago;IL;60657;44;11
Bean;Jaclyn;2 NW. Ridgewood Court;Chicago;IL;60657;44;11
Fisher;Meagan;2 Taylor St.;Chicago;IL;60657;44;11
Bridges;Barton;2 W. Ridge Ave.;Chicago;IL;60657;44;11
Hunt;Philip;20 Jockey Hollow Ave.;Chicago;IL;60657;44;11
Mooney;Pierre;20 Jockey Hollow Street;Chicago;IL;60657;44;11
Reed;Lakisha;20 SE. Olive Ave.;Chicago;IL;60657;44;11
Haley;Wendell;202 Shipley St.;Chicago;IL;60657;44;11
Fletcher;Laurence;203 Fulton Dr.;Chicago;IL;60657;44;11
Mccormick;Sheree;203 Longbranch Dr.;Chicago;IL;60657;44;11
Sampson;Debra;21 Forest Ave.;Chicago;IL;60657;44;11
Floyd;Michelle;21 Green Hill Ave.;Chicago;IL;60657;44;11
Golden;Manuel;216 Myers Street;Chicago;IL;60657;44;11
Huang;Marguerite;217 Nut Swamp Street;Chicago;IL;60657;44;11
Mcgrath;Stanley;219 River Street;Chicago;IL;60657;44;11
Cherry;Stacy;22 Lawrence Ave.;Chicago;IL;60657;44;11
Clay;Elbert;220 Pine Street;Chicago;IL;60657;44;11
Burton;Josefina;225 Kingston Ave.;Chicago;IL;60657;44;11
Mcneil;Kraig;228 Southampton Lane;Chicago;IL;60657;44;11
Koch;Abraham;23 Golf Lane;Chicago;IL;60657;44;11
Reyes;Wes;23 NE. Kirkland Street;Chicago;IL;60657;44;11
Bailey;Alphonso;23 South Campfire Ave.;Chicago;IL;60657;44;11
Ramsey;Magdalena;232 Sulphur Springs Street;Chicago;IL;60657;44;11
Fry;Jamie;237 Bank Court;Chicago;IL;60657;44;11
Mcmillan;Juliette;238 Newport Dr.;Chicago;IL;60657;44;11
Hawkins;Penelope;238 San Pablo St.;Chicago;IL;60657;44;11
Miranda;Willard;24 Pleasant Lane;Chicago;IL;60657;44;11
Aguilar;Kristopher;24 Vale Ave.;Chicago;IL;60657;44;12
Barber;Martina;244 Albany St.;Chicago;IL;60657;44;12
Watts;Dominique;245 Country Club Dr.;Chicago;IL;60657;44;12
Skinner;Margo;25 Blackburn Street;Chicago;IL;60657;44;12
Velez;Margarito;25 Hill Field Dr.;Chicago;IL;60657;44;12
Black;Rhoda;25 Nut Swamp Rd.;Chicago;IL;60657;44;12
Kennedy;Freda;25 Ohio Ave.;Chicago;IL;60657;44;12
Odonnell;Harrison;25 Rockaway Avenue;Chicago;IL;60657;44;12
Ochoa;Angela;25 Stillwater Drive;Chicago;IL;60657;44;12
Finley;Janna;25 Sunset Ave.;Chicago;IL;60657;44;12
Melendez;Ira;251 Fairfield Ave.;Chicago;IL;60657;44;12
Travis;Muriel;251 North Ocean Street;Chicago;IL;60657;44;12
Shaw;Beatriz;252 Galvin St.;Chicago;IL;60657;44;12
Beasley;Estela;252 Piper St.;Chicago;IL;60657;44;12
Andrade;Norberto;256 Grand Avenue;Chicago;IL;60657;44;12
Brown;Melba;256 Wilson Drive;Chicago;IL;60657;44;12
Downs;Wilford;257 West Monroe Lane;Chicago;IL;60657;44;12
Garrett;Isiah;257 Wild Horse Ave.;Chicago;IL;60657;44;12
Schaefer;Sonya;259 North Rock Creek Dr.;Chicago;IL;60657;44;12
Rowland;Barbra;26 N. Elizabeth Street;Chicago;IL;60657;44;12
Mccoy;Cole;26 San Carlos St.;Chicago;IL;60657;44;12
Lawrence;Shaun;263 Coffee Dr.;Chicago;IL;60657;44;12
Cummings;Kelley;264 Kirkland St.;Chicago;IL;60657;44;12
Mcdowell;Lorraine;264 Marsh Dr.;Chicago;IL;60657;44;12
Gutierrez;Adolph;27 Studebaker St.;Chicago;IL;60657;44;12
Melton;Chelsea;27 White Court;Chicago;IL;60657;44;12
Beard;Dan;278 Lake Forest Dr.;Chicago;IL;60657;44;12
Herman;Raquel;278 NE. El Dorado Lane;Chicago;IL;60657;44;12
Clarke;Benjamin;2791 W. Armitage Ave.;Chicago;IL;60657;44;12
Mclean;Hilda;28 Atlantic Court;Chicago;IL;60657;44;12
Howard;Tyrone;28 Whitemarsh Ave.;Chicago;IL;60657;44;12
Fowler;Rosella;28 York Street;Chicago;IL;60657;44;12
Mcfarland;Norbert;280 E. County Dr.;Chicago;IL;60657;44;12
Johnston;Keven;281 Tower St.;Chicago;IL;60657;44;12
Montgomery;Lawerence;284 School Drive;Chicago;IL;60657;44;12
Dorsey;Loyd;287 N. Homewood Lane;Chicago;IL;60657;44;12
Ferguson;Clemente;289 Rockville St.;Chicago;IL;60657;44;12
Ashley;Diane;29 Ashley Street;Chicago;IL;60657;44;12
Burgess;Marshall;290 Elmwood Ave.;Chicago;IL;60657;44;12
Villa;Clay;291 Harvey Street;Chicago;IL;60657;44;12
Hunter;Bret;291 Thatcher Lane;Chicago;IL;60657;44;12
Booker;Denise;292 W. Young Lane;Chicago;IL;60657;44;12
Riley;Kristy;294 Heather Ave.;Chicago;IL;60657;44;12
Brady;Aurelio;296 W. South Rd.;Chicago;IL;60657;44;12
Velasquez;Luigi;3 Aspen Dr.;Chicago;IL;60657;44;12
Vang;Nona;3 Brickyard Rd.;Chicago;IL;60657;44;12
Gates;Addie;3 Clark Street;Chicago;IL;60657;44;12
Watson;Rodrigo;3 Deerfield Lane;Chicago;IL;60657;44;12
Cunningham;Alexandra;3 N. Glenlake St.;Chicago;IL;60657;44;12
Fuller;Keenan;3 NE. Park Road;Chicago;IL;60657;44;12
Frost;Hobert;3 North Miller Court;Chicago;IL;60657;44;12
Baker;Noelle;3 Park St.;Chicago;IL;60657;44;12
Harper;Darrel;3 Prospect Lane;Chicago;IL;60657;44;12
Mathews;Danial;3 South Union Ave.;Chicago;IL;60657;44;12
Dickerson;Jamel;3 Sycamore Rd.;Chicago;IL;60657;44;12
Colon;Leola;30 Cherry St.;Chicago;IL;60657;44;12
Khan;Mallory;30 Edgewater Court;Chicago;IL;60657;44;12
Callahan;Kristina;30 Windsor Dr.;Chicago;IL;60657;44;12
Gay;Celia;306 South Glenlake Road;Chicago;IL;60657;44;12
Peterson;Cameron;307 S. Goldfield Avenue;Chicago;IL;60657;44;12
Bautista;Aisha;31 53rd Drive;Chicago;IL;60657;44;12
Snow;Andres;31 Arcadia St.;Chicago;IL;60657;44;12
Middleton;Chauncey;31 North Smoky Hollow Drive;Chicago;IL;60657;44;12
Shields;Edmund;31 SE. Glen Ridge Drive;Chicago;IL;60657;44;12
Ryan;Eli;311 1st St.;Chicago;IL;60657;44;12
Rodriguez;Chrystal;313 Ohio Ave.;Chicago;IL;60657;44;12
Benson;Augustus;313 Walnutwood St.;Chicago;IL;60657;44;12
Knight;Vivian;315 Newport Court;Chicago;IL;60657;44;12
Lara;Lila;318 Bridle Dr.;Chicago;IL;60657;44;12
Ayala;Ahmad;32 Dunbar Dr.;Chicago;IL;60657;44;12
Tate;Jarod;32 Edgewood Ave.;Chicago;IL;60657;44;12
Kirby;Elton;32 N. Beech St.;Chicago;IL;60657;44;12
Boyer;Malik;321 Fieldstone Drive;Chicago;IL;60657;44;12
Hendrix;Winford;323 Wentworth Rd.;Chicago;IL;60657;44;12
Aguirre;Alvin;325 Bohemia Road;Chicago;IL;60657;44;12
Gregory;Jordan;325 Madison Rd.;Chicago;IL;60657;44;12
Peters;Irwin;32C S. Littleton Drive;Chicago;IL;60657;44;12
Chang;Scotty;33 Lake Dr.;Chicago;IL;60657;44;12
Macias;Paula;33 Oxford Street;Chicago;IL;60657;44;12
Terrell;Valentine;331 Delaware Drive;Chicago;IL;60657;44;12
Morrison;Stuart;331 South San Carlos Ave.;Chicago;IL;60657;44;12
Farmer;Bethany;332 East Applegate Street;Chicago;IL;60657;44;12
Sparks;Alicia;333 Stillwater Rd.;Chicago;IL;60657;44;12
Nolan;Nicholas;335 Fairway St.;Chicago;IL;60657;44;12
Sexton;Kimberley;335 Pacific Street;Chicago;IL;60657;44;12
Rhodes;Concepcion;336 NE. Ann Ave.;Chicago;IL;60657;44;12
Dickson;Jarrod;336 Ohio Drive;Chicago;IL;60657;44;12
Estes;Beryl;343 Glen Creek St.;Chicago;IL;60657;44;12
Chapman;Jerrold;346 Hudson Lane;Chicago;IL;60657;44;12
Edwards;Reid;348 N. Princeton Court;Chicago;IL;60657;44;12
Rosario;Elsa;35 Annadale Road;Chicago;IL;60657;44;12
Livingston;Theresa;35 Coffee Dr.;Chicago;IL;60657;44;12
Serrano;Abel;35 Selby Street;Chicago;IL;60657;44;12
Gamble;Lynwood;35 Trusel Street;Chicago;IL;60657;44;12
Holden;Lenard;35 Victoria Drive;Chicago;IL;60657;44;12
Townsend;Maura;350 Newport Lane;Chicago;IL;60657;44;12
Oneal;Kay;354 Devon Lane;Chicago;IL;60657;44;12
French;Elmo;354 North Newbridge St.;Chicago;IL;60657;44;12
Meza;Mauricio;3555 N. Ashland Ave. #3;Chicago;IL;60657;44;12
Mcmahon;Jon;356 Franklin Street;Chicago;IL;60657;44;12
Padilla;Willy;358 Addison St.;Chicago;IL;60657;44;12
Ross;Erasmo;36 Bradford Street;Chicago;IL;60657;44;12
Stone;Eldon;36 Grandrose Street;Chicago;IL;60657;44;12
Quinn;Tanner;368 Harvard Drive;Chicago;IL;60657;44;12
Hatfield;Josie;37 Hickory St.;Chicago;IL;60657;44;12
Douglas;Rudy;37 Littleton St.;Chicago;IL;60657;44;12
Gould;Edwin;37 Shore Dr.;Chicago;IL;60657;44;12
Cobb;Billie;372 East Harvard Ave.;Chicago;IL;60657;44;12
Blankenship;Kaye;372 Riverview Court;Chicago;IL;60657;44;12
Gray;Jodi;3721 N. Ashland Ave. #2C;Chicago;IL;60657;44;12
Stout;Ava;374 Grand Lane;Chicago;IL;60657;44;12
Stephens;Garland;375 Meadowbrook Ave.;Chicago;IL;60657;44;12
May;Sid;377 East Bay Meadows St.;Chicago;IL;60657;44;12
Sellers;Elnora;378 Whitemarsh St.;Chicago;IL;60657;44;12
Savage;Annie;379 Philmont Street;Chicago;IL;60657;44;12
Meyers;Vincenzo;379 San Carlos Circle;Chicago;IL;60657;44;12
Gillespie;Abigail;38 Cedar Swamp Street;Chicago;IL;60657;44;12
Lambert;Joshua;38 Hillcrest St.;Chicago;IL;60657;44;12
Yang;Devon;38 Rose St.;Chicago;IL;60657;44;12
Guerra;Michal;38 Somerset St.;Chicago;IL;60657;44;12
Trujillo;Reginald;38 St Paul St.;Chicago;IL;60657;44;12
Schwartz;Valerie;384 Gates St.;Chicago;IL;60657;44;12
Woods;Randell;384 Prairie St.;Chicago;IL;60657;44;12
Murphy;Rosa;385 Meadowbrook Ave.;Chicago;IL;60657;44;12
Vincent;Stan;387 Overlook Ave.;Chicago;IL;60657;44;12
Gomez;Korey;39 Carpenter Rd.;Chicago;IL;60657;44;12
Robbins;Kieth;39 Howard Ave.;Chicago;IL;60657;44;12
Obrien;Valeria;39 West Proctor St.;Chicago;IL;60657;44;12
Irwin;Christy;393 Maple Drive;Chicago;IL;60657;44;12
Vaughn;Ann;393 Saxon Avenue;Chicago;IL;60657;44;12
Chaney;Brandi;395 Crescent St.;Chicago;IL;60657;44;12
Brock;Willis;395 St Margarets Court;Chicago;IL;60657;44;12
Robinson;Sydney;4 Berkshire Street;Chicago;IL;60657;44;12
Ali;Rosanne;4 Franklin Ave.;Chicago;IL;60657;44;12
Bright;Chung;4 Glenlake St.;Chicago;IL;60657;44;12
Howe;Sylvia;4 Holly Ave.;Chicago;IL;60657;44;12
Green;Cynthia;4 Lexington Ave.;Chicago;IL;60657;44;12
Li;Mac;4 North Addison Lane;Chicago;IL;60657;44;12
Norris;Brendan;4 Smith St.;Chicago;IL;60657;44;12
Castaneda;Opal;4 Stonybrook Street;Chicago;IL;60657;44;12
Shepard;Goldie;4 Sunnyslope Road;Chicago;IL;60657;44;12
Molina;Delmer;4 Tunnel Rd.;Chicago;IL;60657;44;12
Mullins;Deidre;40 Birchpond Dr.;Chicago;IL;60657;44;12
Hays;Jayne;400 High Avenue;Chicago;IL;60657;44;12
Conley;Henrietta;402 Academy Drive;Chicago;IL;60657;44;12
Moss;Kate;403 Tarkiln Hill Lane;Chicago;IL;60657;44;12
Mosley;Minnie;407 Campfire Ave.;Chicago;IL;60657;44;12
Farley;Luann;41 Euclid Dr.;Chicago;IL;60657;44;12
Mitchell;Gay;41 W. Beechwood St.;Chicago;IL;60657;44;12
Thompson;Xavier;41 West Wood Street;Chicago;IL;60657;44;12
Carson;Andreas;41 Yukon Drive;Chicago;IL;60657;44;12
Armstrong;Eugene;410 Colonial St.;Chicago;IL;60657;44;12
Larsen;Carmen;411 Tunnel Street;Chicago;IL;60657;44;12
Glenn;Adrienne;418 S. Gonzales Road;Chicago;IL;60657;44;12
Barrett;Neal;419 E. Wild Horse Circle;Chicago;IL;60657;44;12
Clements;Gary;419 Old Longfellow Street;Chicago;IL;60657;44;12
Benton;Dena;42 W. Crescent Street;Chicago;IL;60657;44;12
Krause;Cecilia;427 James Ave.;Chicago;IL;60657;44;12
Briggs;Pablo;428 Cemetery Lane;Chicago;IL;60657;44;12
Fritz;Liz;428 Fairfield Dr.;Chicago;IL;60657;44;12
Bender;Mercedes;428 Kent Ave.;Chicago;IL;60657;44;12
Mendoza;Christopher;43 1st Ave.;Chicago;IL;60657;44;12
Acosta;Malcom;43 Manor Station Ave.;Chicago;IL;60657;44;12
Grimes;Ignacio;43 Old York St.;Chicago;IL;60657;44;12
Crane;Daren;43 Peachtree Dr.;Chicago;IL;60657;44;12
Hoover;Maritza;43 Shady Rd.;Chicago;IL;60657;44;12
Roach;Trenton;438 Rose Lane;Chicago;IL;60657;44;12
Dean;Connie;438 Sunnyslope Ave.;Chicago;IL;60657;44;12
Madden;Jude;439 Marlborough Lane;Chicago;IL;60657;44;12
Buchanan;Ramon;439 Summerhouse Lane;Chicago;IL;60657;44;12
Delgado;Lenore;44 Brook Dr.;Chicago;IL;60657;44;12
Griffith;Emilio;44 Deerfield Ave.;Chicago;IL;60657;44;12
Wall;Fannie;44 Gartner Drive;Chicago;IL;60657;44;12
Huber;Kurt;44 Golden Star Dr.;Chicago;IL;60657;44;12
Barton;Bert;44 North Mayfair Lane;Chicago;IL;60657;44;12
Flores;Alison;441 Andover Lane;Chicago;IL;60657;44;12
Guzman;Delmar;443 School St.;Chicago;IL;60657;44;12
Lowe;Eileen;447 Lancaster Street;Chicago;IL;60657;44;12
Ingram;Gustavo;448 James Court;Chicago;IL;60657;44;12
Blackburn;Hugh;45 W. Walnutwood Circle;Chicago;IL;60657;44;12
Kemp;Darnell;454 Longfellow Court;Chicago;IL;60657;44;12
Mcdonald;Virginia;455 Studebaker Street;Chicago;IL;60657;44;12
Hinton;Lea;456 Bayberry St.;Chicago;IL;60657;44;12
Scott;Lorene;456 Lower River Street;Chicago;IL;60657;44;12
Holmes;Rodolfo;458 Bridge Dr.;Chicago;IL;60657;44;12
Mathis;Jimmie;46 Cedar Ave.;Chicago;IL;60657;44;12
Valentine;Jeannine;46 East State St.;Chicago;IL;60657;44;12
Harris;Hyman;46 Old Somerset Lane;Chicago;IL;60657;44;12
Mercado;Tamera;460 High Point St.;Chicago;IL;60657;44;12
Trevino;Lana;461 High Drive;Chicago;IL;60657;44;12
Glass;Kari;467 Wrangler St.;Chicago;IL;60657;44;12
Huffman;Sophia;47 Brandywine Ave.;Chicago;IL;60657;44;12
Erickson;Warner;47 Charles Ave.;Chicago;IL;60657;44;12
Rios;Demarcus;47 Laurel Dr.;Chicago;IL;60657;44;12
Atkins;Rena;47 North Tower Street;Chicago;IL;60657;44;12
Barker;Araceli;47 Olive Street;Chicago;IL;60657;44;12
Hess;Molly;47 Poor House Ave.;Chicago;IL;60657;44;12
Terry;Maxwell;47 South Liberty Lane;Chicago;IL;60657;44;12
Hutchinson;Leah;472 Winding Way Court;Chicago;IL;60657;44;12
Valencia;Cedric;473 Marvon Ave.;Chicago;IL;60657;44;12
Hale;Eldridge;473 Mayfair Road;Chicago;IL;60657;44;12
Matthews;Stewart;473 Roberts Dr.;Chicago;IL;60657;44;12
Hester;Quinton;474 Highland Street;Chicago;IL;60657;44;12
Patton;Stephanie;478 Adams Lane;Chicago;IL;60657;44;12
Hicks;Gale;478 Nichols St.;Chicago;IL;60657;44;12
Hernandez;Brock;479 Tailwater Street;Chicago;IL;60657;44;12
Snyder;Major;48 Arnold Ave.;Chicago;IL;60657;44;12
Maldonado;Ina;48 Union St.;Chicago;IL;60657;44;12
Rosales;Marcie;481 Foxrun Court;Chicago;IL;60657;44;12
Vance;Troy;485 Tower St.;Chicago;IL;60657;44;12
Velazquez;Ambrose;486 Anderson St.;Chicago;IL;60657;44;12
Caldwell;Gerald;488 Southampton Street;Chicago;IL;60657;44;12
Morrow;Johnathon;489 Thorne Ave.;Chicago;IL;60657;44;12
Lee;Madeline;49 Durham Street;Chicago;IL;60657;44;12
Davila;Kara;495 South Wood Ave.;Chicago;IL;60657;44;12
Barron;Kelvin;496 Riverview Dr.;Chicago;IL;60657;44;12
Gentry;Tara;5 Andover Dr.;Chicago;IL;60657;44;12
Kane;Porfirio;5 Beechwood Rd.;Chicago;IL;60657;44;12
Gordon;Porter;5 Beechwood St.;Chicago;IL;60657;44;12
Beck;Tim;5 East Arrowhead Avenue;Chicago;IL;60657;44;12
Doyle;Lenora;5 Elm Drive;Chicago;IL;60657;44;12
Ramos;Charmaine;5 Manchester Drive;Chicago;IL;60657;44;12
Poole;Lacy;5 N. Cardinal Dr.;Chicago;IL;60657;44;12
Merritt;Bennie;5 Pennington St.;Chicago;IL;60657;44;12
Gaines;Rosemarie;5 River Dr.;Chicago;IL;60657;44;12
Parrish;Trudy;5 Spruce Dr.;Chicago;IL;60657;44;12
Conway;Tammie;5 Sunbeam Lane;Chicago;IL;60657;44;12
Carrillo;Joni;50 Griffin Dr.;Chicago;IL;60657;44;12
Bowman;Don;50 Manhattan Ave.;Chicago;IL;60657;44;12
Moran;Tami;50 N. Corona Drive;Chicago;IL;60657;44;12
Moore;Israel;502 South Mechanic Ave.;Chicago;IL;60657;44;12
Mack;Mel;503 Sherman St.;Chicago;IL;60657;44;12
Cain;Elena;51 Grandrose Ave.;Chicago;IL;60657;44;12
Sheppard;Zane;51 Jones St.;Chicago;IL;60657;44;12
James;Jill;51 Littleton St.;Chicago;IL;60657;44;12
Good;Bennett;51 Windsor Dr.;Chicago;IL;60657;44;12
Smith;Fern;512 E. Cottage Ave.;Chicago;IL;60657;44;12
Hughes;Del;512 Water St.;Chicago;IL;60657;44;12
Keller;Tina;517 Carpenter Street;Chicago;IL;60657;44;12
Stokes;Sylvester;518 E. Iroquois St.;Chicago;IL;60657;44;12
Payne;Phyllis;52 Marlborough Road;Chicago;IL;60657;44;12
Mann;Mitch;52 Meadow Street;Chicago;IL;60657;44;12
Espinoza;Allie;52 Sage St.;Chicago;IL;60657;44;12
Montoya;Dwayne;524 N. Harvard Street;Chicago;IL;60657;44;12
Blake;Alisa;524 Oakwood Ave.;Chicago;IL;60657;44;12
Escobar;Antwan;525 Shady St.;Chicago;IL;60657;44;12
Arnold;Cora;53 Addison Lane;Chicago;IL;60657;44;12
Horne;Curt;53 Birch Hill Street;Chicago;IL;60657;44;12
Whitney;Iris;53 Summer Dr.;Chicago;IL;60657;44;12
Rollins;Leslie;539 Philmont Ave.;Chicago;IL;60657;44;12
Martin;Pansy;54 Buckingham Rd.;Chicago;IL;60657;44;12
Rivas;Kim;54 Greystone Dr.;Chicago;IL;60657;44;12
Lowery;Solomon;54 Joy Ridge Rd.;Chicago;IL;60657;44;12
Marshall;Teddy;54 Pineknoll St.;Chicago;IL;60657;44;12
Drake;Elliot;541 Leatherwood Dr.;Chicago;IL;60657;44;12
Hebert;Ali;542 Lakewood Circle;Chicago;IL;60657;44;12
Hickman;Augusta;544 West Young Street;Chicago;IL;60657;44;12
Monroe;Ernestine;546 Pierce Rd.;Chicago;IL;60657;44;12
Proctor;Nettie;55 N. Wentworth Road;Chicago;IL;60657;44;12
Mccullough;Derick;55 Talbot St.;Chicago;IL;60657;44;12
Singh;Celeste;55 West Chapel Lane;Chicago;IL;60657;44;12
Hodge;Aline;554 Warren Road;Chicago;IL;60657;44;12
Shepherd;Marcelino;556 Madison Ave.;Chicago;IL;60657;44;12
Dudley;Nola;559 Charles St.;Chicago;IL;60657;44;12
Simmons;Jonas;56 South Redwood St.;Chicago;IL;60657;44;12
Marsh;Zachariah;56 Tailwater St.;Chicago;IL;60657;44;12
Blevins;Keneth;561 West Spruce St.;Chicago;IL;60657;44;12
Yates;Janis;565 E. Monroe Dr.;Chicago;IL;60657;44;12
Michael;Jay;569 Lookout Street;Chicago;IL;60657;44;12
Spears;Jarvis;569 Wagon St.;Chicago;IL;60657;44;12
Bradshaw;Brian;57 Helen St.;Chicago;IL;60657;44;12
Joseph;Shari;57 Hudson Lane;Chicago;IL;60657;44;12
Love;Tracy;57 Marvon Dr.;Chicago;IL;60657;44;12
Osborne;Jonathon;57 Pennsylvania Court;Chicago;IL;60657;44;12
Guerrero;Rickie;57 Vale Street;Chicago;IL;60657;44;12
Cochran;Parker;57 Washington Street;Chicago;IL;60657;44;12
Esparza;Laverne;571 Clay St.;Chicago;IL;60657;44;12
Ewing;Rolando;572 Grandrose Lane;Chicago;IL;60657;44;12
Saunders;Misty;573 Johnson St.;Chicago;IL;60657;44;12
Sanders;Isaiah;573 NE. Pin Oak St.;Chicago;IL;60657;44;12
Morton;Kayla;574 Wilson Street;Chicago;IL;60657;44;12
Chase;Michele;575 St Paul Avenue;Chicago;IL;60657;44;12
Hart;Frieda;576 Brookside Dr.;Chicago;IL;60657;44;12
Mccarthy;Ike;578 Stillwater St.;Chicago;IL;60657;44;12
Hartman;Eduardo;58 Beechwood Street;Chicago;IL;60657;44;12
Elliott;Mose;588 East Woodsman St.;Chicago;IL;60657;44;12
Cannon;Jerrell;59 Nut Swamp St.;Chicago;IL;60657;44;12
Mcintosh;Joel;590 Wall Rd.;Chicago;IL;60657;44;12
Newton;Lara;592 High Point St.;Chicago;IL;60657;44;12
Wilkinson;Erika;593 Manhattan Dr.;Chicago;IL;60657;44;12
Meadows;Shanna;593 Ohio Circle;Chicago;IL;60657;44;12
Marquez;Freeman;596 Magnolia Rd.;Chicago;IL;60657;44;12
Kelly;Burt;6 Carson Drive;Chicago;IL;60657;44;12
Phelps;Dino;6 Sycamore Drive;Chicago;IL;60657;44;12
Harrison;Angel;6 Valley Farms Dr.;Chicago;IL;60657;44;12
Webb;Peter;6 Valley Farms St.;Chicago;IL;60657;44;12
Pearson;Milton;6 Wrangler Court;Chicago;IL;60657;44;12
Powell;Jerome;60 Fairway Dr.;Chicago;IL;60657;44;12
Jensen;Christian;60 Laurel St.;Chicago;IL;60657;44;12
Patrick;Ofelia;60 Stonybrook Dr.;Chicago;IL;60657;44;12
Pham;Fay;60 Winchester Ave.;Chicago;IL;60657;44;12
Willis;Wilmer;600 Gates Lane;Chicago;IL;60657;44;12
Rubio;Melvin;605 Prince Street;Chicago;IL;60657;44;12
Berry;Val;608 West Ridgeview Ave.;Chicago;IL;60657;44;12
Mueller;Conrad;608 Wilson Ave.;Chicago;IL;60657;44;12
Kelley;Randall;609 Winchester Street;Chicago;IL;60657;44;12
Burnett;Jacquelyn;61 George Street;Chicago;IL;60657;44;12
Garza;John;61 Penn Rd.;Chicago;IL;60657;44;12
Harding;Angelia;610 West Belmont Ave.;Chicago;IL;60657;44;12
Barr;Theo;612 Clinton Avenue;Chicago;IL;60657;44;12
Nash;Deon;614 Tower Ave.;Chicago;IL;60657;44;12
Abbott;Vern;615 Laurel Court;Chicago;IL;60657;44;12
Baird;Daryl;618 South St Paul Ave.;Chicago;IL;60657;44;12
Pugh;Jordon;62 Franklin Dr.;Chicago;IL;60657;44;12
Roberson;Walker;62 Pineknoll Street;Chicago;IL;60657;44;12
Sandoval;Graig;62 South Studebaker Lane;Chicago;IL;60657;44;12
Mckinney;Lynne;62 South Wellington Dr.;Chicago;IL;60657;44;12
Coffey;Bridgette;620 Heather St.;Chicago;IL;60657;44;12
Carter;Gabrielle;622 Cedar Street;Chicago;IL;60657;44;12
Franklin;Clyde;623 John Court;Chicago;IL;60657;44;12
Adkins;Barbara;629 Oklahoma Ave.;Chicago;IL;60657;44;12
Kaiser;Ahmed;63 Broad Street;Chicago;IL;60657;44;12
Gibson;Regina;63 Sutor Court;Chicago;IL;60657;44;12
Campbell;Rachel;63 W. St Paul St.;Chicago;IL;60657;44;12
Houston;Karl;631 Paris Hill Avenue;Chicago;IL;60657;44;12
Stevens;Lorrie;636 West Pearl St.;Chicago;IL;60657;44;12
Ayers;Jessica;637 Bedford Lane;Chicago;IL;60657;44;12
Torres;Dillon;638 Riverside Street;Chicago;IL;60657;44;12
Dyer;Nicolas;64 Bellevue Dr.;Chicago;IL;60657;44;12
Cortez;Elsie;64 Greenrose St.;Chicago;IL;60657;44;12
Hampton;Dorothy;64 Liberty Dr.;Chicago;IL;60657;44;12
Cantu;Sherri;64 W. Garfield Lane;Chicago;IL;60657;44;12
Frey;Hannah;64 Walt Whitman Ave.;Chicago;IL;60657;44;12
Bray;Allan;641 Lake Forest Dr.;Chicago;IL;60657;44;12
Everett;Pasquale;642 E. Lawrence St.;Chicago;IL;60657;44;12
Mckenzie;Otha;65 Helen St.;Chicago;IL;60657;44;12
Ellison;Eliza;65 Manor Lane;Chicago;IL;60657;44;12
Wiggins;Broderick;65 Rose Lane;Chicago;IL;60657;44;12
Silva;Bud;652 Edgewater Street;Chicago;IL;60657;44;12
Mendez;Rhea;657 Cemetery Ave.;Chicago;IL;60657;44;12
Holder;Sheri;658 E. 10th Drive;Chicago;IL;60657;44;12
Levy;Wilton;658 Pendergast Dr.;Chicago;IL;60657;44;12
Phillips;Brandy;659 Bald Hill Lane;Chicago;IL;60657;44;12
Shea;Millicent;66 New Saddle Dr.;Chicago;IL;60657;44;12
Hansen;Trey;66 Somerset St.;Chicago;IL;60657;44;12
Newman;Brandon;663 E. St Paul Street;Chicago;IL;60657;44;12
Mcbride;Dollie;664 Lake Avenue;Chicago;IL;60657;44;12
Morse;Normand;665 William St.;Chicago;IL;60657;44;12
Lester;August;666 Bay Meadows Dr.;Chicago;IL;60657;44;12
Brennan;Whitney;667 North Lafayette Street;Chicago;IL;60657;44;12
Morales;Kristine;669 W. Glenlake Drive;Chicago;IL;60657;44;12
Carr;Alyce;67 County Rd.;Chicago;IL;60657;44;12
Mcknight;Cornelius;67 N. Ohio Street;Chicago;IL;60657;44;12
Waters;Amber;67 Thatcher Dr.;Chicago;IL;60657;44;12
Freeman;Amie;670 N. Canterbury Rd.;Chicago;IL;60657;44;12
Cantrell;Dante;674 Bow Ridge Avenue;Chicago;IL;60657;44;12
Alvarado;Sterling;676 East Parker St.;Chicago;IL;60657;44;12
Cuevas;Joan;678 Wild Rose Ave.;Chicago;IL;60657;44;12
Grant;Edwina;679 Pennsylvania Ave.;Chicago;IL;60657;44;12
Bryant;Nina;68 Redwood Court;Chicago;IL;60657;44;12
Castro;Tamra;680 Illinois St.;Chicago;IL;60657;44;12
Walker;Barrett;683 County Drive;Chicago;IL;60657;44;12
Richard;Kellie;684 Sleepy Hollow St.;Chicago;IL;60657;44;12
Lynn;Marvin;684 Sycamore Street;Chicago;IL;60657;44;12
Prince;Malcolm;69 Gates St.;Chicago;IL;60657;44;12
Petersen;Clement;69 Middle River St.;Chicago;IL;60657;44;12
Peck;Trisha;69 W. Bayport Drive;Chicago;IL;60657;44;12
Church;Sal;690 Cambridge Ave.;Chicago;IL;60657;44;12
Knapp;Cassie;691 Garden St.;Chicago;IL;60657;44;12
Kirk;Merle;691 Purple Finch Street;Chicago;IL;60657;44;12
Anderson;Jules;693 SW. Beacon Lane;Chicago;IL;60657;44;12
Mccann;Bettye;696 Birch Hill Lane;Chicago;IL;60657;44;12
Maxwell;Ralph;696 Branch Lane;Chicago;IL;60657;44;12
Lamb;Fredric;696 Van Dyke St.;Chicago;IL;60657;44;12
Brooks;Tabitha;698 Glenlake Street;Chicago;IL;60657;44;12
Pruitt;Damian;7 Briarwood Rd.;Chicago;IL;60657;44;12
Best;Herb;7 Edgewood Court;Chicago;IL;60657;44;12
Dunn;Leonel;7 Euclid Dr.;Chicago;IL;60657;44;12
Jimenez;Hayden;7 Iroquois Road;Chicago;IL;60657;44;12
Bradley;Rufus;7 Magnolia Dr.;Chicago;IL;60657;44;12
Lang;Gladys;7 North Thomas Dr.;Chicago;IL;60657;44;12
Lynch;Harris;7 Winchester Court;Chicago;IL;60657;44;12
Rasmussen;Cecil;70 Rockwell St.;Chicago;IL;60657;44;12
Lozano;Glenn;7014 St Paul Ave.;Chicago;IL;60657;44;12
Hayes;Marci;7014 Tower St.;Chicago;IL;60657;44;12
Rocha;Preston;702 Carson Drive;Chicago;IL;60657;44;12
Cordova;Ruben;7030 James Dr.;Chicago;IL;60657;44;12
Bowers;Judith;7031 Nichols Lane;Chicago;IL;60657;44;12
Manning;Zachary;7034 Baker Drive;Chicago;IL;60657;44;12
Jacobs;Hester;7042 Roehampton St.;Chicago;IL;60657;44;12
Pace;Denis;7047 Wild Horse St.;Chicago;IL;60657;44;12
Bruce;Mavis;7057 Manhattan Rd.;Chicago;IL;60657;44;12
Durham;Heath;7064 Center Rd.;Chicago;IL;60657;44;12
Sanchez;Tricia;7065 Creek St.;Chicago;IL;60657;44;12
Munoz;Joyce;708 South Franklin Lane;Chicago;IL;60657;44;12
Orr;Nathanial;7086 East Gates Street;Chicago;IL;60657;44;12
Jordan;Melva;7088 N. Pennington St.;Chicago;IL;60657;44;12
Fields;Sol;7088B San Carlos Ave.;Chicago;IL;60657;44;12
Griffin;Thelma;709 Kirkland Avenue;Chicago;IL;60657;44;12
Thornton;Karyn;7096 Myrtle Court;Chicago;IL;60657;44;12
Soto;Eula;7098 Armstrong St.;Chicago;IL;60657;44;12
Mckay;Leroy;71 Eagle St.;Chicago;IL;60657;44;12
Norman;Katheryn;71 East Morris Street;Chicago;IL;60657;44;13
Anthony;Viola;71 Paris Hill Lane;Chicago;IL;60657;44;13
Todd;Sasha;71 Trusel Dr.;Chicago;IL;60657;44;13
Nielsen;Federico;71 W. Bay Meadows Road;Chicago;IL;60657;44;13
Frye;Riley;710 Country Ave.;Chicago;IL;60657;44;13
Rivera;Summer;7149 North Cypress Ave.;Chicago;IL;60657;44;13
Barry;Daphne;715 Foxrun Lane;Chicago;IL;60657;44;13
Zuniga;Danielle;7185 Roberts Drive;Chicago;IL;60657;44;13
Swanson;Norris;7186 10th Road;Chicago;IL;60657;44;13
Fleming;Clarence;719 Cedarwood Avenue;Chicago;IL;60657;44;13
George;Margarita;7192 Ann St.;Chicago;IL;60657;44;13
Waller;Carol;7193 Blackburn Street;Chicago;IL;60657;44;13
Atkinson;Earnest;7193 North Snake Hill Drive;Chicago;IL;60657;44;13
Chavez;Gwendolyn;72 Grove Ave.;Chicago;IL;60657;44;13
Mckee;Marie;721 Overlook Drive;Chicago;IL;60657;44;13
Dalton;Loretta;721 South Airport Lane;Chicago;IL;60657;44;13
Wilson;Shelby;7217 Pine Ave.;Chicago;IL;60657;44;13
Larson;Shana;722 Fawn Ave.;Chicago;IL;60657;44;13
Gibbs;Michel;7221 Newbridge St.;Chicago;IL;60657;44;13
Ritter;Octavio;7221 W. Arnold Drive;Chicago;IL;60657;44;13
Faulkner;Delores;7228 South Gregory Street;Chicago;IL;60657;44;13
Wong;Damion;7230 Green Lake Road;Chicago;IL;60657;44;13
Oliver;Emery;7246 S. Glenholme Ave.;Chicago;IL;60657;44;13
Shannon;Vonda;7252 Walt Whitman Ave.;Chicago;IL;60657;44;13
Parsons;Tad;7258 SW. Armstrong Rd.;Chicago;IL;60657;44;13
Short;Velma;7264 Morris St.;Chicago;IL;60657;44;13
Ferrell;Nikki;7264 S. Thompson Road;Chicago;IL;60657;44;13
Watkins;Maribel;727 Rocky River Ave.;Chicago;IL;60657;44;13
Reese;Emily;727 Temple Ave.;Chicago;IL;60657;44;13
Tapia;Holly;7272 S. Franklin St.;Chicago;IL;60657;44;13
White;Liza;7277 Third St.;Chicago;IL;60657;44;13
Vega;Jame;728 Snake Hill Court;Chicago;IL;60657;44;13
Arroyo;Latoya;729 Henry Rd.;Chicago;IL;60657;44;13
Coleman;Bruno;73 Pleasant Court;Chicago;IL;60657;44;13
Wells;Robyn;73 Prince Lane;Chicago;IL;60657;44;13
Juarez;Lottie;73 Temple Lane;Chicago;IL;60657;44;13
Richardson;Dianna;7305 Wayne Street;Chicago;IL;60657;44;13
Zhang;Alonzo;731 Schoolhouse St.;Chicago;IL;60657;44;13
Dodson;Cecile;7314 Bald Hill St.;Chicago;IL;60657;44;13
Neal;Fritz;7314 Talbot Lane;Chicago;IL;60657;44;13
Duffy;Julia;7316 Gregory Dr.;Chicago;IL;60657;44;13
Hamilton;Betsy;7333 S. Summerhouse Ave.;Chicago;IL;60657;44;13
Hensley;Marquita;7334 NE. Gartner Drive;Chicago;IL;60657;44;13
Higgins;Coy;7336 10th Street;Chicago;IL;60657;44;13
Booth;Tobias;734 Alderwood Lane;Chicago;IL;60657;44;13
Walsh;Johnathan;7351 North El Dorado Street;Chicago;IL;60657;44;13
Parks;Gaston;7353 Meadowbrook Dr.;Chicago;IL;60657;44;13
Powers;Cathryn;7358 Stillwater St.;Chicago;IL;60657;44;13
Clark;Latasha;7378 South St.;Chicago;IL;60657;44;13
Hardy;Casey;739 Iroquois Street;Chicago;IL;60657;44;13
Shelton;Dawn;7392 Beach St.;Chicago;IL;60657;44;13
Porter;Tabatha;74 Delaware Drive;Chicago;IL;60657;44;13
Gardner;Booker;74 E. Rosewood Ave.;Chicago;IL;60657;44;13
Hull;Jonathan;74 University Drive;Chicago;IL;60657;44;13
Carlson;Paulette;7414 Foster St.;Chicago;IL;60657;44;13
Beltran;Lloyd;7422 Bedford Street;Chicago;IL;60657;44;13
Cook;Frankie;744 Central Drive;Chicago;IL;60657;44;13
Bentley;Beulah;7441 Vernon Dr.;Chicago;IL;60657;44;13
Conner;Genaro;7442 Parker Ave.;Chicago;IL;60657;44;13
Gonzalez;Victoria;7443 West Bohemia St.;Chicago;IL;60657;44;13
Taylor;Rosetta;7451 Gates Rd.;Chicago;IL;60657;44;13
Riddle;Buford;7471 Brookside Ave.;Chicago;IL;60657;44;13
Fernandez;Domenic;7472 N. Leatherwood St.;Chicago;IL;60657;44;13
Casey;Reba;7472 Purple Finch St.;Chicago;IL;60657;44;13
Daniel;Norma;7474 S. Heritage Court;Chicago;IL;60657;44;13
Frederick;Brittany;7492 Carpenter St.;Chicago;IL;60657;44;13
Ibarra;Verna;7498 Linden Drive;Chicago;IL;60657;44;13
Becker;Reggie;75 Bow Ridge St.;Chicago;IL;60657;44;13
Wu;Jaime;750 Marvon Ave.;Chicago;IL;60657;44;13
Murillo;Yvette;751 Front Ave.;Chicago;IL;60657;44;13
Stephenson;Branden;7529 S. Vermont St.;Chicago;IL;60657;44;13
Ray;Pamela;7531 Young Ave.;Chicago;IL;60657;44;13
Diaz;Pearlie;755 Canal Court;Chicago;IL;60657;44;13
Gallegos;Elisa;7552 Summer St.;Chicago;IL;60657;44;13
Potter;Francesca;7555 Bohemia Road;Chicago;IL;60657;44;13
Hooper;Chadwick;7557 Stillwater Street;Chicago;IL;60657;44;13
Bernard;Tracie;758 4th St.;Chicago;IL;60657;44;13
Heath;Nicky;7598 Market Drive;Chicago;IL;60657;44;13
Nunez;Lola;76 Aspen Avenue;Chicago;IL;60657;44;13
Rogers;Anne;76 Hillcrest Drive;Chicago;IL;60657;44;13
Greene;Olga;76 Rose Road;Chicago;IL;60657;44;13
Archer;Daron;7604 Purple Finch St.;Chicago;IL;60657;44;13
Perkins;June;761 Valley Rd.;Chicago;IL;60657;44;13
Hall;Christina;762 Studebaker Ave.;Chicago;IL;60657;44;13
Hood;Dirk;7624 Rockland Street;Chicago;IL;60657;44;13
Solis;Lori;7624 Tallwood Ave.;Chicago;IL;60657;44;13
Kerr;Alonso;765 Country St.;Chicago;IL;60657;44;13
Huynh;Beth;7657 Ivy Ave.;Chicago;IL;60657;44;13
Mullen;Wilbur;7670 Thomas Ave.;Chicago;IL;60657;44;13
Shaffer;Carlo;7677 Stillwater Dr.;Chicago;IL;60657;44;13
Weeks;Pauline;7681 West Smith Store Rd.;Chicago;IL;60657;44;13
Ortiz;Terra;7685 Wrangler Court;Chicago;IL;60657;44;13
Day;Lesley;77 Center Dr.;Chicago;IL;60657;44;13
Wilkins;Hillary;77 Glenwood Rd.;Chicago;IL;60657;44;13
Christian;Denny;77 Holly Ave.;Chicago;IL;60657;44;13
Pratt;Tamara;7701 S. Lakeview Avenue;Chicago;IL;60657;44;13
Berger;Rogelio;771 Squaw Creek Street;Chicago;IL;60657;44;13
West;Eugenia;7717 Heather Ave.;Chicago;IL;60657;44;13
Gilmore;Foster;773 North Randall Mill St.;Chicago;IL;60657;44;13
Dominguez;Justin;7730 Holly Lane;Chicago;IL;60657;44;13
Mcgee;Marilyn;7739 West Theatre Ave.;Chicago;IL;60657;44;13
Avery;Nolan;774 Brickyard St.;Chicago;IL;60657;44;13
Sharp;Luther;7745 S. Wilson Lane;Chicago;IL;60657;44;13
Leach;Jewel;7746 Old York Road;Chicago;IL;60657;44;13
Dawson;Quintin;775 N. Ivy Street;Chicago;IL;60657;44;13
Bond;Duncan;7753 Augusta Dr.;Chicago;IL;60657;44;13
Woodard;Dorian;7754 Marshall Drive;Chicago;IL;60657;44;13
Ramirez;Patsy;7755 Orange Dr.;Chicago;IL;60657;44;13
Branch;Darla;776 Lawrence Ave.;Chicago;IL;60657;44;13
Bartlett;Wilfredo;776 Manor Station St.;Chicago;IL;60657;44;13
Reid;Van;7763 Thompson Dr.;Chicago;IL;60657;44;13
Leblanc;Marco;7771 South Maiden Drive;Chicago;IL;60657;44;13
Suarez;Bertha;7774 Main St.;Chicago;IL;60657;44;13
Patterson;Dale;7788 Bridge Dr.;Chicago;IL;60657;44;13
Calderon;Dionne;7799 Grove Street;Chicago;IL;60657;44;13
Murray;Wade;78 Golden Star Avenue;Chicago;IL;60657;44;13
Wise;Donn;78 Illinois St.;Chicago;IL;60657;44;13
Yoder;Stevie;78 North Shadow Brook Street;Chicago;IL;60657;44;13
Moreno;Willa;78 North West Ave.;Chicago;IL;60657;44;13
Burch;Corinne;78 Wild Rose Lane;Chicago;IL;60657;44;13
Lane;Valarie;780 Peg Shop Street;Chicago;IL;60657;44;13
Cole;Colton;7802 Wood Road;Chicago;IL;60657;44;13
Tanner;Jacinto;7806 Edgemont Rd.;Chicago;IL;60657;44;13
Miller;Angelica;7815 San Juan Ave.;Chicago;IL;60657;44;13
Salinas;Antoinette;7821 Goldfield Lane;Chicago;IL;60657;44;13
Hanna;Therese;783 Smoky Hollow Lane;Chicago;IL;60657;44;13
Byrd;Timmy;7839 Big Rock Cove Dr.;Chicago;IL;60657;44;13
Giles;Wyatt;784 West Birchwood Lane;Chicago;IL;60657;44;13
Hammond;Delbert;7841 N. Walt Whitman Ave.;Chicago;IL;60657;44;13
Wang;Otto;786 Mill Pond Ave.;Chicago;IL;60657;44;13
Ball;Avery;7868 Cobblestone Lane;Chicago;IL;60657;44;13
Thomas;King;787 Nichols Ave.;Chicago;IL;60657;44;13
Lewis;Emmitt;787 Vermont Street;Chicago;IL;60657;44;13
Richmond;Toney;7881 Studebaker Dr.;Chicago;IL;60657;44;13
Harmon;Freida;7887 N. Squaw Creek Street;Chicago;IL;60657;44;13
Cline;Sammy;7892 Elm Ave.;Chicago;IL;60657;44;13
Stevenson;Graham;79 Chapel Ave.;Chicago;IL;60657;44;13
Mclaughlin;Ana;79 Mill St.;Chicago;IL;60657;44;13
Francis;Angelo;79 S. La Sierra Street;Chicago;IL;60657;44;13
Johns;Francesco;7905 Rockville Street;Chicago;IL;60657;44;13
Davidson;Devin;7908 Gainsway Ave.;Chicago;IL;60657;44;13
Rangel;Toby;7913 Wakehurst Ave.;Chicago;IL;60657;44;13
Mcdaniel;Micah;7915 Peachtree Ave.;Chicago;IL;60657;44;13
Lin;Bertram;7918 Wall Avenue;Chicago;IL;60657;44;13
Rivers;Thomas;7933 Sulphur Springs St.;Chicago;IL;60657;44;13
Howell;Teodoro;7943 Fairground Road;Chicago;IL;60657;44;13
Stewart;Carole;795 Maiden Rd.;Chicago;IL;60657;44;13
Ward;Brain;7951 W. Tunnel Drive;Chicago;IL;60657;44;13
Huff;Samuel;7953 Church St.;Chicago;IL;60657;44;13
Allison;Amelia;7970 Church St.;Chicago;IL;60657;44;13
Jones;Zelma;7980 Wayne Street;Chicago;IL;60657;44;13
Duran;Christoper;7987 Cross Street;Chicago;IL;60657;44;13
Krueger;Gavin;7988 Garden Drive;Chicago;IL;60657;44;13
Henderson;Cortez;7991 Pennsylvania Ave.;Chicago;IL;60657;44;13
Hogan;Deanna;8 Country Ave.;Chicago;IL;60657;44;13
Rojas;Rolland;8 Durham St.;Chicago;IL;60657;44;13
Little;Patty;8 Eagle St.;Chicago;IL;60657;44;13
Garrison;Jasmine;8 East Birch Hill Street;Chicago;IL;60657;44;13
Cisneros;Santiago;8 Edgewood Rd.;Chicago;IL;60657;44;13
Zavala;Vicky;8 N. Buckingham Rd.;Chicago;IL;60657;44;13
Klein;Collin;8 North Spruce St.;Chicago;IL;60657;44;13
Martinez;Ophelia;8 North Taylor Court;Chicago;IL;60657;44;13
Lawson;Wiley;8 Pennington Street;Chicago;IL;60657;44;13
Walton;Sanford;8 Vermont Dr.;Chicago;IL;60657;44;13
Lindsey;Cornell;8 West Plumb Branch Road;Chicago;IL;60657;44;13
Walters;Gonzalo;80 Hartford Court;Chicago;IL;60657;44;13
Forbes;Kareem;80 W. Gartner St.;Chicago;IL;60657;44;13
Luna;Rory;80 W. Second St.;Chicago;IL;60657;44;13
Shah;Cara;80 West Prince Ave.;Chicago;IL;60657;44;13
Wiley;Joey;8002 Fremont Court;Chicago;IL;60657;44;13
Key;Gabriela;8004 Cross Ave.;Chicago;IL;60657;44;13
Mcclure;Suzette;8004 Inverness St.;Chicago;IL;60657;44;13
Page;Caleb;801 Carriage Lane;Chicago;IL;60657;44;13
David;Cristobal;8015 Sage Drive;Chicago;IL;60657;44;13
Horn;Albert;8022 Ashley St.;Chicago;IL;60657;44;13
Dunlap;Lorie;8054 Edgewater Rd.;Chicago;IL;60657;44;13
Stafford;Ted;8056 West Cedar Street;Chicago;IL;60657;44;13
Mason;Daniel;8068 Lincoln Street;Chicago;IL;60657;44;13
Jackson;Wilber;807 Arnold Ave.;Chicago;IL;60657;44;13
Barnes;Shirley;8070 Church Dr.;Chicago;IL;60657;44;13
Ho;Ivy;8071 Madison Ave.;Chicago;IL;60657;44;13
Allen;Bo;8099 Brandywine Court;Chicago;IL;60657;44;13
Rowe;Minh;8099 S. Birchwood St.;Chicago;IL;60657;44;13
Yu;Eugenio;81 Beach Ave.;Chicago;IL;60657;44;13
Mercer;Harland;81 Chestnut Dr.;Chicago;IL;60657;44;13
Copeland;Trinidad;810 Court Lane;Chicago;IL;60657;44;13
Gonzales;Levi;8107 Branch Lane;Chicago;IL;60657;44;13
Moody;Russell;8113 Liberty Drive;Chicago;IL;60657;44;13
Marks;Simon;8115 Thompson St.;Chicago;IL;60657;44;13
Vaughan;Harley;8116 Joy Ridge Rd.;Chicago;IL;60657;44;13
Garcia;Georgia;813 Hall Ave.;Chicago;IL;60657;44;13
Rodgers;Queen;813 North Newbridge Road;Chicago;IL;60657;44;13
Schmitt;Quinn;8144 Glen Creek Street;Chicago;IL;60657;44;13
Riggs;Briana;816 Pin Oak St.;Chicago;IL;60657;44;13
Schneider;Colette;8175 Devon St.;Chicago;IL;60657;44;13
Villegas;Abby;8175 Tarkiln Hill Road;Chicago;IL;60657;44;13
Bradford;Lela;8176 Valley St.;Chicago;IL;60657;44;13
Cooper;Logan;818 Oakwood Lane;Chicago;IL;60657;44;13
Randolph;Frederic;8195 Evergreen Avenue;Chicago;IL;60657;44;13
Montes;Cruz;82 Brewery Road;Chicago;IL;60657;44;13
Nixon;Brady;82 Church Street;Chicago;IL;60657;44;13
Holloway;Nigel;82 Middle River Ave.;Chicago;IL;60657;44;13
Sloan;Diann;820 Logan Drive;Chicago;IL;60657;44;13
Chung;Danny;8200 Pawnee Avenue;Chicago;IL;60657;44;13
Henson;Numbers;8205 Summit Drive;Chicago;IL;60657;44;13
Goodman;Winfred;822 Young Street;Chicago;IL;60657;44;13
Miles;Lelia;8239 South Ridgeview Rd.;Chicago;IL;60657;44;13
King;Tyrell;8247 Front Lane;Chicago;IL;60657;44;13
Dougherty;Darren;827 Front Ave.;Chicago;IL;60657;44;13
Harvey;Werner;827 Sherman St.;Chicago;IL;60657;44;13
Olson;Austin;8275 Linda Court;Chicago;IL;60657;44;13
Hubbard;Armando;8285 Olive St.;Chicago;IL;60657;44;13
Randall;Nicole;8294 Wellington St.;Chicago;IL;60657;44;13
Santos;Millie;8299 John Circle;Chicago;IL;60657;44;13
Davenport;Saul;83 Highland Ave.;Chicago;IL;60657;44;13
Hudson;Mark;83 Sherman Lane;Chicago;IL;60657;44;13
Richards;Lester;8304 James Court;Chicago;IL;60657;44;13
Christensen;Rex;831 N. Armstrong Lane;Chicago;IL;60657;44;13
House;Guadalupe;8328 Hickory Street;Chicago;IL;60657;44;13
Cameron;Inez;8328 Oklahoma Drive;Chicago;IL;60657;44;13
Tucker;Claudia;8334 Yukon St.;Chicago;IL;60657;44;13
Schroeder;Buddy;8338 Prince Road;Chicago;IL;60657;44;13
Moon;Sidney;8339 Linda St.;Chicago;IL;60657;44;13
Price;Angie;834 Harrison Road;Chicago;IL;60657;44;13
Lyons;Javier;8347 Gulf Ave.;Chicago;IL;60657;44;13
Galloway;Cathleen;835 Essex Rd.;Chicago;IL;60657;44;13
Weaver;Gretchen;8351 S. Hilldale Dr.;Chicago;IL;60657;44;13
Boone;Mai;8355 Wild Horse Drive;Chicago;IL;60657;44;13
Blanchard;Jamar;8361 Crescent Ave.;Chicago;IL;60657;44;13
Lutz;Dixie;8361 Woodside Ave.;Chicago;IL;60657;44;13
Flowers;Wanda;8380 Center St.;Chicago;IL;60657;44;13
Villarreal;Horace;8384 Myrtle Lane;Chicago;IL;60657;44;13
Novak;Carmela;84 Pineknoll Rd.;Chicago;IL;60657;44;13
Blackwell;Neville;840 Old Hudson Court;Chicago;IL;60657;44;13
Mcclain;Garfield;841 Highland Street;Chicago;IL;60657;44;13
Wolf;Mari;8410 Pennsylvania Street;Chicago;IL;60657;44;13
Santana;Mickey;8410 SW. Kent Ave.;Chicago;IL;60657;44;13
Simon;Dora;8425 Hilldale Lane;Chicago;IL;60657;44;13
Humphrey;Aileen;8449 Birchwood St.;Chicago;IL;60657;44;13
Macdonald;Rusty;845 New Saddle Road;Chicago;IL;60657;44;13
Weiss;Ariel;8468 Wild Rose Court;Chicago;IL;60657;44;13
Frank;Mindy;8474 Silver Spear St.;Chicago;IL;60657;44;13
Chen;Grady;8477 Sutor Ave.;Chicago;IL;60657;44;13
Rice;Jeannette;848 Longbranch Street;Chicago;IL;60657;44;13
Frazier;Jeromy;8482 Rockledge Lane;Chicago;IL;60657;44;13
Calhoun;Candice;8495 East Drive;Chicago;IL;60657;44;13
Fox;Shon;85 Hillcrest Dr.;Chicago;IL;60657;44;13
Walls;Arthur;85 Ketch Harbour Street;Chicago;IL;60657;44;13
Schmidt;Gertrude;85 Sage St.;Chicago;IL;60657;44;13
Warren;Stanford;85 Second St.;Chicago;IL;60657;44;13
Hayden;Simone;850 Blue Spring Rd.;Chicago;IL;60657;44;13
Lam;Ronnie;8511 West Gregory St.;Chicago;IL;60657;44;13
Hopkins;Evangeline;8512 Harvard Ave.;Chicago;IL;60657;44;13
Kent;Patrica;852 E. Greystone Street;Chicago;IL;60657;44;13
Bullock;Kathryn;853 Brewery Street;Chicago;IL;60657;44;13
Ford;Jeanie;8532 Galvin St.;Chicago;IL;60657;44;13
Leonard;Kenton;8532 Lake View Dr.;Chicago;IL;60657;44;13
Cardenas;Brooke;8535 Pearl Street;Chicago;IL;60657;44;13
Kidd;Hugo;8567 Littleton Avenue;Chicago;IL;60657;44;13
Williams;Harriett;857 S. Pennsylvania Dr.;Chicago;IL;60657;44;13
Goodwin;Susanna;8580 Essex Ave.;Chicago;IL;60657;44;13
Carroll;Odis;8583 Birchpond Dr.;Chicago;IL;60657;44;13
Pollard;Maryellen;86 Albany Street;Chicago;IL;60657;44;13
Browning;Harvey;86 Grand Lane;Chicago;IL;60657;44;13
Charles;Aaron;860 Beaver Ridge Street;Chicago;IL;60657;44;13
Werner;Jimmy;8607 Lyme Avenue;Chicago;IL;60657;44;13
Harrington;Damien;8625 Pheasant St.;Chicago;IL;60657;44;13
Cabrera;Bonnie;8625 S. Oak St.;Chicago;IL;60657;44;13
Tran;Leanna;864 Ramblewood St.;Chicago;IL;60657;44;13
Myers;Reyes;8654 Jennings Street;Chicago;IL;60657;44;13
Costa;Marta;8657 Logan Road;Chicago;IL;60657;44;13
Hill;Noble;8657 Ridgewood Drive;Chicago;IL;60657;44;13
Collier;Tod;8659 Henry Smith Court;Chicago;IL;60657;44;13
Salazar;Franklyn;87 Baker Road;Chicago;IL;60657;44;13
Henry;Bernard;87 N. Tower Ave.;Chicago;IL;60657;44;13
Patel;Stephan;87 Valley View Ave.;Chicago;IL;60657;44;13
Leon;Darwin;87 W. Manor Station Court;Chicago;IL;60657;44;13
Paul;Adolfo;8707 Stonybrook Street;Chicago;IL;60657;44;13
Duncan;Carter;871 Hudson Street;Chicago;IL;60657;44;13
Winters;Randal;872 Deerfield St.;Chicago;IL;60657;44;13
Moyer;Yong;872 N. Trout Rd.;Chicago;IL;60657;44;13
Vazquez;Santos;873 Linden Court;Chicago;IL;60657;44;13
Stein;Shelton;8731 South San Pablo St.;Chicago;IL;60657;44;13
Chambers;Isabella;8733 E. Princess St.;Chicago;IL;60657;44;13
Blair;Angelina;8761 South Mill Pond Court;Chicago;IL;60657;44;13
Summers;Adele;879 E. George St.;Chicago;IL;60657;44;13
Keith;Dominic;88 Annadale Dr.;Chicago;IL;60657;44;13
Ruiz;Dwight;88 Arrowhead Drive;Chicago;IL;60657;44;13
Vargas;Julianne;88 East Vine Street;Chicago;IL;60657;44;13
Romero;Rubin;88 West Walt Whitman Drive;Chicago;IL;60657;44;13
Hines;Rudolf;8813 Inverness Street;Chicago;IL;60657;44;13
Deleon;Lionel;8826 Taylor St.;Chicago;IL;60657;44;13
Braun;Angelique;883 Bohemia Dr.;Chicago;IL;60657;44;13
Oneill;Dianne;8836 Lilac Ave.;Chicago;IL;60657;44;13
Bolton;Lavern;8841 San Carlos Street;Chicago;IL;60657;44;13
Haas;Caroline;8849 S. Goldfield St.;Chicago;IL;60657;44;13
Young;Clark;885 Kingston St.;Chicago;IL;60657;44;13
Pitts;Truman;8875 Holly Rd.;Chicago;IL;60657;44;13
Donaldson;Sofia;8875 West Pacific Ave.;Chicago;IL;60657;44;13
English;Matt;8878 W. West Ave.;Chicago;IL;60657;44;13
Whitaker;Isaias;888 Bradford Avenue;Chicago;IL;60657;44;13
Osborn;Rodney;8896 Albany Rd.;Chicago;IL;60657;44;13
Sutton;Roman;8897 Marshall St.;Chicago;IL;60657;44;13
Curtis;Giovanni;89 Arlington Dr.;Chicago;IL;60657;44;13
Malone;Heriberto;89 Sherman Lane;Chicago;IL;60657;44;13
Palmer;Brad;89 Swanson Road;Chicago;IL;60657;44;13
Pena;Stacie;8902 Airport Street;Chicago;IL;60657;44;13
Alexander;Elva;8907 South Ridgewood Rd.;Chicago;IL;60657;44;13
Weber;Bernice;891 Sage St.;Chicago;IL;60657;44;13
Morgan;Isaac;8911 Hall Street;Chicago;IL;60657;44;13
Sherman;Ernest;8924 Aspen Court;Chicago;IL;60657;44;13
Cruz;Reuben;8926 Lilac St.;Chicago;IL;60657;44;13
Kline;Vince;8944 West Foxrun Dr.;Chicago;IL;60657;44;13
Sawyer;Nickolas;8947 North Strawberry Lane;Chicago;IL;60657;44;13
Ware;Leif;8948 New Saddle Rd.;Chicago;IL;60657;44;13
Mayer;Nellie;8964 Beacon Ave.;Chicago;IL;60657;44;13
Preston;Walter;8969 Bay Meadows St.;Chicago;IL;60657;44;13
Ponce;Earlene;897 Bedford St.;Chicago;IL;60657;44;13
Potts;May;8975 NE. Winding Way Dr.;Chicago;IL;60657;44;13
Barnett;Shawn;9 Aspen Avenue;Chicago;IL;60657;44;13
Dennis;Emma;9 Cherry Lane;Chicago;IL;60657;44;13
Hahn;Issac;9 Clinton St.;Chicago;IL;60657;44;13
Massey;Marisa;9 Front St.;Chicago;IL;60657;44;13
Meyer;Felicia;9 Harvard Dr.;Chicago;IL;60657;44;13
Austin;Clint;9 Helen Street;Chicago;IL;60657;44;13
Wade;Huey;9 Inverness Dr.;Chicago;IL;60657;44;13
Evans;Renaldo;9 Peninsula St.;Chicago;IL;60657;44;13
Logan;Rosalie;9 South East St.;Chicago;IL;60657;44;13
Galvan;Johnny;9 Trout Ave.;Chicago;IL;60657;44;13
Roy;Eleanor;9 Whitemarsh Street;Chicago;IL;60657;44;13
Bell;Tyson;90 Columbia Street;Chicago;IL;60657;44;13
Camacho;Madeleine;90 South Nichols Avenue;Chicago;IL;60657;44;13
Zamora;Jerri;900 Randall Mill Street;Chicago;IL;60657;44;13
Wagner;Rueben;9003 Johnson Ave.;Chicago;IL;60657;44;13
Holland;Jane;9009 N. Foster Ave.;Chicago;IL;60657;44;13
Buck;Alexandria;9013 Williams St.;Chicago;IL;60657;44;13
Jenkins;Hosea;9014 Circle Circle;Chicago;IL;60657;44;13
Lucero;Karin;9014 North Lexington Ave.;Chicago;IL;60657;44;13
Sosa;Marcy;9028 Delaware Lane;Chicago;IL;60657;44;13
Nelson;Bonita;904 Madison Drive;Chicago;IL;60657;44;13
Wyatt;Joanna;9044 Elizabeth St.;Chicago;IL;60657;44;13
York;Toni;9050 Woodside Lane;Chicago;IL;60657;44;13
Carney;Cleo;9051 John St.;Chicago;IL;60657;44;13
Ballard;Efrain;906 Spruce St.;Chicago;IL;60657;44;13
Bishop;Tracey;9060 Shady Ave.;Chicago;IL;60657;44;13
Franco;Cristopher;9069 Arnold St.;Chicago;IL;60657;44;13
Fitzpatrick;Reyna;9069 Dunbar Court;Chicago;IL;60657;44;13
Roman;Milagros;9071 Arnold Rd.;Chicago;IL;60657;44;13
Combs;Pat;9073 Vernon Lane;Chicago;IL;60657;44;13
Spence;Kris;9074 W. Pendergast Ave.;Chicago;IL;60657;44;13
Clayton;Gil;9080 Rock Maple Drive;Chicago;IL;60657;44;13
Carey;Shelley;9096 Kirkland St.;Chicago;IL;60657;44;13
Steele;Bette;91 Iroquois Ave.;Chicago;IL;60657;44;13
Wallace;Stacey;9104 Windfall St.;Chicago;IL;60657;44;13
Mcconnell;Owen;9115 Spring St.;Chicago;IL;60657;44;13
Figueroa;Cindy;9136 Forest St.;Chicago;IL;60657;44;13
Moses;Lucia;9148 W. Westport Street;Chicago;IL;60657;44;13
Stanton;Roslyn;9153 SE. Bayport Lane;Chicago;IL;60657;44;13
Lopez;Adam;9158 Cactus Street;Chicago;IL;60657;44;13
Choi;Elvis;916 West Summerhouse Lane;Chicago;IL;60657;44;13
Mills;Jamaal;9164 W. Franklin St.;Chicago;IL;60657;44;13
Bowen;Kristie;9169 South Fairfield Lane;Chicago;IL;60657;44;13
Solomon;Karina;9195 Brookside Rd.;Chicago;IL;60657;44;13
Cooley;Fermin;92 Olive Dr.;Chicago;IL;60657;44;13
Wilcox;Pam;92 W. Big Rock Cove Ave.;Chicago;IL;60657;44;13
Flynn;Ruby;920 Blue Spring Drive;Chicago;IL;60657;44;13
Perez;Anderson;9204 Alderwood Ave.;Chicago;IL;60657;44;13
Welch;Ed;9207 Orchard Lane;Chicago;IL;60657;44;13
Berg;William;9215 Rocky River Street;Chicago;IL;60657;44;13
Park;Hubert;9225 Cardinal Drive;Chicago;IL;60657;44;13
Boyle;Bob;924 Somerset Rd.;Chicago;IL;60657;44;13
Holt;Sophie;9241 Greenview Ave.;Chicago;IL;60657;44;13
Stuart;Douglas;9246 South 6th Ave.;Chicago;IL;60657;44;13
Crawford;April;9249 Oak Street;Chicago;IL;60657;44;13
Nguyen;Aldo;9267 Garden Rd.;Chicago;IL;60657;44;13
Fischer;Tisha;9271 Foster St.;Chicago;IL;60657;44;13
Mayo;Brett;93 Birch Hill St.;Chicago;IL;60657;44;13
Harrell;Naomi;93 Grant Rd.;Chicago;IL;60657;44;13
Haynes;Wendi;93 Lyme Drive;Chicago;IL;60657;44;13
Hanson;Sarah;9302 S. Evergreen Street;Chicago;IL;60657;44;13
Strong;Evelyn;932 Mill Court;Chicago;IL;60657;44;13
Ortega;Paige;9323 NW. Magnolia Drive;Chicago;IL;60657;44;13
Villanueva;Eusebio;933 Fairfield Drive;Chicago;IL;60657;44;13
Brewer;Leandro;9332 Berkshire Street;Chicago;IL;60657;44;13
Lucas;Aida;9333 San Juan Lane;Chicago;IL;60657;44;13
Zimmerman;Manuela;935 East St.;Chicago;IL;60657;44;13
Castillo;Ida;936 Grant Road;Chicago;IL;60657;44;13
Russo;Elinor;936 Miller St.;Chicago;IL;60657;44;13
Levine;James;9362 High Ridge Ave.;Chicago;IL;60657;44;13
Chan;Larry;9370 West Glen Ridge St.;Chicago;IL;60657;44;13
Campos;Robert;9373 W. Lawrence St.;Chicago;IL;60657;44;13
Hancock;Esther;938 Carpenter St.;Chicago;IL;60657;44;13
Boyd;Mauro;938 St Louis Lane;Chicago;IL;60657;44;13
Cross;Arnulfo;939 Walnut St.;Chicago;IL;60657;44;13
Gross;Carly;94 2nd Drive;Chicago;IL;60657;44;13
Underwood;Weldon;94 Beach Drive;Chicago;IL;60657;44;13
Mccarty;Gerard;941 Westminster Road;Chicago;IL;60657;44;13
Rush;Lyndon;9418 E. Sunbeam Court;Chicago;IL;60657;44;13
Crosby;Alvaro;942 El Dorado St.;Chicago;IL;60657;44;13
Garner;Bernardo;942 River St.;Chicago;IL;60657;44;13
Pittman;Darryl;9420 Cactus Ave.;Chicago;IL;60657;44;13
Oconnor;Mitzi;9420 East Harvard St.;Chicago;IL;60657;44;13
Walter;Roberta;9428 E. Vermont Drive;Chicago;IL;60657;44;13
Vasquez;Felecia;9429 Green Ave.;Chicago;IL;60657;44;13
Decker;Charlie;9431 Mayfield St.;Chicago;IL;60657;44;13
Reeves;Elise;9448 Pacific Rd.;Chicago;IL;60657;44;13
Adams;Ervin;945 North Court St.;Chicago;IL;60657;44;13
Pope;Pete;945 Oak Meadow Lane;Chicago;IL;60657;44;13
Benitez;Tamika;9453 Strawberry Ave.;Chicago;IL;60657;44;13
Washington;Miguel;9455 E. Smith Store Dr.;Chicago;IL;60657;44;13
Landry;Rob;9458 Pendergast Ave.;Chicago;IL;60657;44;13
Donovan;Sondra;9459 Somerset Court;Chicago;IL;60657;44;13
Bird;Blanca;946 S. Mammoth Street;Chicago;IL;60657;44;13
Baldwin;Kristin;9462 Lancaster St.;Chicago;IL;60657;44;13
Barajas;Annette;9464 East Baker Lane;Chicago;IL;60657;44;13
Hurst;Sergio;9466 Devon Ave.;Chicago;IL;60657;44;13
Andrews;Kendra;9470 Manchester Ave.;Chicago;IL;60657;44;13
Owen;Moshe;9471 Manhattan Drive;Chicago;IL;60657;44;13
Craig;Mattie;9482 Spring Ave.;Chicago;IL;60657;44;13
Ellis;Dong;9489 Cardinal Dr.;Chicago;IL;60657;44;13
Mahoney;Salvatore;949 Bowman St.;Chicago;IL;60657;44;13
Sullivan;Emilia;95 Linden Rd.;Chicago;IL;60657;44;13
Pennington;Alton;95 Meadow St.;Chicago;IL;60657;44;13
Bauer;Les;95 Tower St.;Chicago;IL;60657;44;13
Wright;Sabrina;952 Meadow Dr.;Chicago;IL;60657;44;13
Huerta;Edison;9524 University St.;Chicago;IL;60657;44;13
Compton;Forrest;9545 Westport Ave.;Chicago;IL;60657;44;13
Raymond;Susan;9546 James Court;Chicago;IL;60657;44;13
Wood;Abram;9546 Warren Avenue;Chicago;IL;60657;44;13
Friedman;Paris;9548 North Ave.;Chicago;IL;60657;44;13
Cervantes;Nick;955 Oxford Ave.;Chicago;IL;60657;44;13
Mays;Della;9567 Lexington St.;Chicago;IL;60657;44;13
Kaufman;Shauna;9568 Williams Street;Chicago;IL;60657;44;13
Russell;Christie;957 S. Carson St.;Chicago;IL;60657;44;13
Bonilla;Ellen;9587 River Lane;Chicago;IL;60657;44;13
Simpson;Lee;9587 Vermont Street;Chicago;IL;60657;44;13
Jennings;Trent;959 Manchester Drive;Chicago;IL;60657;44;13
Nichols;Elisha;959 Manor Station Ave.;Chicago;IL;60657;44;13
Daugherty;Edgardo;9593 Ridge Rd.;Chicago;IL;60657;44;13
Robertson;Jan;96 Colonial St.;Chicago;IL;60657;44;13
Baxter;Marlene;96 Ocean Drive;Chicago;IL;60657;44;13
Whitehead;Dee;9608 East Hillside Street;Chicago;IL;60657;44;13
Greer;Keisha;9611 8th Ave.;Chicago;IL;60657;44;13
Foster;Arnold;962 Heritage Road;Chicago;IL;60657;44;13
Small;Ezekiel;9625 Greenrose St.;Chicago;IL;60657;44;13
Liu;Juliana;9625 W. Lilac St.;Chicago;IL;60657;44;13
Reilly;Colleen;9630 S. Lantern Court;Chicago;IL;60657;44;13
Burke;Eloise;9638 Glenlake Street;Chicago;IL;60657;44;13
Webster;Marc;9644 La Sierra Lane;Chicago;IL;60657;44;13
Bates;Sherry;9649 Rock Maple Lane;Chicago;IL;60657;44;13
Schultz;Miquel;967 Locust Ave.;Chicago;IL;60657;44;13
Jacobson;Jae;9675 Andover Street;Chicago;IL;60657;44;13
Haney;Jarred;9677 Meadowbrook St.;Chicago;IL;60657;44;13
Le;Sharron;968 West Lafayette Dr.;Chicago;IL;60657;44;13
Petty;Nadine;9682 Cactus St.;Chicago;IL;60657;44;13
Mccall;Myrtle;9690 Lexington Street;Chicago;IL;60657;44;13
Roberts;Ila;9694 Hanover St.;Chicago;IL;60657;44;13
Andersen;Fredrick;97 Creek Lane;Chicago;IL;60657;44;13
Foley;Michael;97 Laurel Drive;Chicago;IL;60657;44;13
Orozco;Emerson;97 Rosewood St.;Chicago;IL;60657;44;13
Herrera;Son;97 S. Cedar St.;Chicago;IL;60657;44;13
Navarro;Cherry;97 Squaw Creek St.;Chicago;IL;60657;44;13
Herring;Brigitte;9700 Birchwood Street;Chicago;IL;60657;44;13
Kim;Dudley;972 Birch Hill Dr.;Chicago;IL;60657;44;13
Benjamin;Gilbert;9728 Fairview Ave.;Chicago;IL;60657;44;13
Jarvis;Petra;9753 Virginia Lane;Chicago;IL;60657;44;13
Burns;Dylan;976 Race Dr.;Chicago;IL;60657;44;13
Maynard;Nestor;977 Joy Ridge St.;Chicago;IL;60657;44;13
Delacruz;Ricky;977 St Paul St.;Chicago;IL;60657;44;13
Fuentes;Leila;98 Church Rd.;Chicago;IL;60657;44;13
Rose;Alana;98 Poor House Dr.;Chicago;IL;60657;44;13
Noble;Renee;98 Pumpkin Hill Drive;Chicago;IL;60657;44;13
Lloyd;Morgan;98 West St.;Chicago;IL;60657;44;13
Estrada;Heidi;9809 Lawrence St.;Chicago;IL;60657;44;13
Nicholson;Boris;981 Augusta Ave.;Chicago;IL;60657;44;13
Pierce;Lonny;983 Walnut Lane;Chicago;IL;60657;44;13
Eaton;Kathleen;9838 Johnson Dr.;Chicago;IL;60657;44;13
Perry;Lucio;984 Richardson Dr.;Chicago;IL;60657;44;13
Rich;Leona;9840 New Saddle St.;Chicago;IL;60657;44;13
Owens;Ronda;9844 Rockville St.;Chicago;IL;60657;44;13
Joyce;Hans;9869 NW. Smith Drive;Chicago;IL;60657;44;13
Stanley;Herminia;9872 Manhattan Court;Chicago;IL;60657;44;13
Santiago;Johanna;9874 Roberts Court;Chicago;IL;60657;44;13
Odom;Grant;988 Poor House Lane;Chicago;IL;60657;44;13
Cox;Blair;9880 Ridge Ave.;Chicago;IL;60657;44;13
Reynolds;Neva;99 Devon Ave.;Chicago;IL;60657;44;13
Tyler;Sadie;99 Fulton Road;Chicago;IL;60657;44;13
Hoffman;Maryanne;99 N. Middle River St.;Chicago;IL;60657;44;13
Parker;Benedict;99 Pacific Lane;Chicago;IL;60657;44;13
Stark;Wallace;99 Sunbeam Street;Chicago;IL;60657;44;13
Valdez;Rosanna;9903 Thomas Street;Chicago;IL;60657;44;13
Butler;Camille;991 Newcastle Lane;Chicago;IL;60657;44;13
Fitzgerald;Lessie;991 Woodland Drive;Chicago;IL;60657;44;13
Graham;David;9917 Race St.;Chicago;IL;60657;44;13
Graves;Dean;9923 Randall Mill St.;Chicago;IL;60657;44;13
Singleton;Alba;9925 Beacon Avenue;Chicago;IL;60657;44;13
Valenzuela;Wendy;9958 Southampton St.;Chicago;IL;60657;44;13
Cowan;Randy;9958 Washington Dr.;Chicago;IL;60657;44;13
Chandler;Lindsay;996 Old East St.;Chicago;IL;60657;44;13
Jefferson;Alec;9965 Philmont Ave.;Chicago;IL;60657;44;13
Daniels;997. Alyson;997 Lakeview Street;Chicago;IL;60657;44;13
Avila;998. Ray;9971 North Valley View Drive;Chicago;IL;60657;44;13
Wilkerson;999. Alexander;9980 Gainsway Ave.;Chicago;IL;60657;44;13
Mcpherson;1000. Sammie;9996 Wall Street;Chicago;IL;60657;44;13